date,net_cash_flow,available_cash,capital_deployed,buys,sells
2026-04-02,-49667.17,1317605.33,49667.17,TARILx184,
2026-04-15,-99146.82,1218458.52,148813.98,"AZADx27, WABAGx36",
2026-04-16,7968.38,1226426.90,140845.60,OLECTRAx41,TARILx184
2026-04-17,-212714.08,1013712.82,353559.68,"WABAGx107, AZADx83, OLECTRAx115, JSWENERGYx330",
2026-04-20,721.36,1014434.18,352838.32,,
2026-04-21,3337.39,1017771.57,349500.93,,
2026-04-22,-48842.57,968929.00,398343.50,TARILx375,
2026-04-23,-212.05,968716.95,398555.55,,
2026-04-24,136628.32,1105345.27,261927.23,,AZADx110
2026-04-27,-48749.93,1056595.34,310677.16,PGELx250,
2026-04-28,-102844.90,953750.44,413522.06,"GENUSPOWERx450, TRANSRAILLx240",
2026-04-29,-4182.58,949567.87,417704.63,,
2026-04-30,-6616.58,942951.29,424321.21,,
2026-05-04,-165.32,942785.97,424486.53,,
2026-05-05,-4222.08,938563.89,428708.61,,
2026-05-06,51661.66,990225.55,377046.95,,TRANSRAILLx240
2026-05-07,-2476.25,987749.30,379523.20,,
2026-05-08,134156.60,1121905.90,245366.60,"HBLENGINEx155, ANGELONEx490","WABAGx143, OLECTRAx156"
2026-05-11,-12603.10,1109302.79,257969.71,,
2026-05-12,-31125.90,1078176.89,289095.61,,
2026-05-13,173.63,1078350.52,288921.98,,
2026-05-14,1216.78,1079567.30,287705.20,,
2026-05-15,211.18,1079778.49,287494.01,,
2026-05-18,-14983.69,1064794.80,302477.70,,
2026-05-19,18546.23,1083341.03,283931.47,,
2026-05-20,-50745.85,1032595.18,334677.32,AVALONx40,
2026-05-21,5294.92,1037890.09,329382.41,,
2026-05-22,-102816.81,935073.28,432199.22,"AEROFLEXx300, CGPOWERx220",
2026-05-25,-2377.53,932695.75,434576.75,,
2026-05-26,-148925.36,783770.39,583502.11,"WALCHANNAGx430, INOXINDIAx110, KIRLOSENGx80",
2026-05-27,-42658.97,741111.42,626161.08,,
2026-05-29,-3693.34,737418.07,629854.43,,
2026-06-01,106558.35,843976.43,523296.07,,KIRLOSENGx80
2026-06-02,8366.31,852342.74,514929.76,,
2026-06-03,-101181.15,751161.59,616110.91,"ACMESOLARx450, SYRMAx114",
2026-06-04,-40863.65,710297.94,656974.56,"AVALONx40, DATAPATTNSx30",AVALONx40
2026-06-05,-3797.68,706500.26,660772.24,,
2026-06-08,-17177.99,689322.26,677950.24,,
2026-06-09,36976.79,726299.05,640973.45,SANGHVIMOVx320,INOXINDIAx110
2026-06-10,-15016.13,711282.92,655989.58,,
2026-06-11,-6378.78,704904.14,662368.36,,
2026-06-12,27838.37,732742.51,634529.99,,
2026-06-15,124801.73,857544.25,509728.25,KRNx40,"JSWENERGYx330, GENUSPOWERx450, SANGHVIMOVx320"
2026-06-16,16155.84,873700.09,493572.41,HSCLx220,TARILx375
2026-06-17,25050.36,898750.45,468522.05,GNFCx300,AVALONx40
2026-06-18,-98944.33,799806.12,567466.38,"KIRLOSENGx73, TITAGARHx150",
2026-06-19,-5157.99,794648.13,572624.37,,
2026-06-22,-3187.83,791460.30,575812.20,,
2026-06-23,13473.30,804933.59,562338.91,PGILx68,SYRMAx114
2026-06-24,-49170.58,755763.01,611509.49,ZYDUSLIFEx195,
2026-06-25,-6365.56,749397.45,617875.05,,
2026-06-29,-58587.74,690809.71,676462.79,EIELx595,
2026-06-30,-49880.95,640928.77,726343.73,SANGHVIMOVx285,
2026-07-01,-18041.08,622887.69,744384.81,,
2026-07-02,6132.37,629020.06,738252.44,,
2026-07-03,76499.26,705519.32,661753.18,,KIRLOSENGx73
2026-07-06,-58681.60,646837.73,720434.77,METROPOLISx290,
2026-07-07,-18863.78,627973.94,739298.56,,
2026-07-08,-25633.33,602340.61,764931.89,,
2026-07-09,-240705.82,361634.78,1005637.72,"AZADx60, ADANIENSOLx100, SPARCx440, CEATLTDx38, AETHERx100, ATHERENERGx120",AETHERx100
2026-07-10,7403.18,369037.96,998234.54,,
2026-07-13,-11538.56,357499.40,1009773.10,,
2026-07-14,-66748.67,290750.73,1076521.77,SENORESx99,
2026-07-15,15524.85,306275.59,1060996.91,,
2026-07-16,71190.52,377466.10,989806.40,,CGPOWERx220
2026-07-17,-46453.13,331012.97,1036259.53,,
2026-07-20,-623.39,330389.58,1036882.92,,
2026-07-21,75536.08,405925.66,961346.84,,HSCLx220
2026-07-22,24176.76,430102.42,937170.08,,PGELx250
2026-07-23,-52638.34,377464.08,989808.42,"AEGISVOPAKx477, SENCOx365, INOXINDIAx73","DATAPATTNSx30, PGILx68"
2026-07-24,2965.36,380429.45,986843.05,,
2026-07-27,64955.51,445384.95,921887.55,,SENCOx365
2026-07-28,-33719.27,411665.69,955606.81,,
2026-07-29,17747.45,429413.14,937859.36,,
2026-07-30,-19885.08,409528.06,957744.44,,
2026-07-31,-2235.31,407292.74,959979.76,,
2026-08-03,155922.33,563215.07,804057.43,,"ACMESOLARx450, AEROFLEXx300"
2026-08-04,27501.63,590716.70,776555.80,INDGNx298,ATHERENERGx120
2026-08-05,3273.97,593990.67,773281.83,,
2026-08-06,-1085.38,592905.29,774367.21,,
2026-08-07,-238243.97,354661.32,1012611.18,"GULPOLYx1940, KIRLOSENGx62",
2026-08-10,-47808.60,306852.72,1060419.78,GULPOLYx700,
2026-08-11,119362.49,426215.21,941057.29,,"SANGHVIMOVx285, ZYDUSLIFEx195"
2026-08-12,-232073.06,194142.16,1173130.34,"KRNx200, ENTEROx105",KRNx100
2026-08-13,1732.93,195875.09,1171397.41,,
2026-08-14,47584.80,243459.89,1123812.61,,AZADx60
2026-08-17,7321.78,250781.67,1116490.83,,
2026-08-18,-57196.03,193585.64,1173686.86,TBOTEKx88,
2026-08-19,-39508.33,154077.31,1213195.19,,
2026-08-20,45975.31,200052.63,1167219.87,,
2026-08-21,-3795.93,196256.70,1171015.80,,
2026-08-24,-102659.40,93597.30,1273675.20,LALITHAAx378,
2026-08-25,179045.84,272643.14,1094629.36,"WELSPUNLIVx725, GROWWx745, WELCORPx61","GNFCx300, KRNx140, WELSPUNLIVx725"
2026-08-26,-60784.00,211859.14,1155413.36,DATAPATTNSx27,
2026-08-27,139159.31,351018.45,1016254.05,,"ENTEROx105, SENORESx99"
2026-08-28,-52383.38,298635.07,1068637.43,LODHAx137,
2026-08-31,-54936.28,243698.79,1123573.71,,
2026-09-01,-10540.07,233158.71,1134113.79,RACLGEARx63,INDGNx298
2026-09-02,4938.82,238097.53,1129174.97,,
2026-09-03,14804.26,252901.79,1114370.71,,
2026-09-04,134790.68,387692.47,979580.03,,LALITHAAx378
2026-09-07,650.87,388343.34,978929.16,,
2026-09-08,-800.08,387543.26,979729.24,,
2026-09-09,55228.79,442772.05,924500.45,,INOXINDIAx73
2026-09-10,1666.80,444438.85,922833.65,SPLPETROx185,WELCORPx61
2026-09-11,-3623.21,440815.64,926456.86,KRNx65,RACLGEARx63
2026-09-15,-80651.88,360163.76,1007108.74,,
2026-09-16,-20020.58,340143.18,1027129.32,,
2026-09-17,40663.43,380806.61,986465.89,,
2026-09-18,-228154.09,152652.51,1214619.99,"KRNx40, AEROFLEXx235, DHOOTTRANSx32, INOXINDIAx70, KAYNESx43",
2026-09-21,-16530.27,136122.25,1231150.25,,
2026-09-22,6297.42,142419.66,1224852.84,,
2026-09-23,18858.21,161277.87,1205994.63,,
