Stock Code/Name,Trade Date,Matched Report Symbol,Buy Quantity,Buy Value,Your Funding,Zerodha Funding,Leverage X,Sell Quantity,Sell Value,Net Quantity,Latest Market Price,Latest Market Date,Holding P&L,Holding Return %,Funding Return %,MTF Interest Cost,MTF Pledge Charges,Total Carrying Cost,Net Funding P&L,Net Funding Return %
AZAD,2026-04-17,AZAD.NS,83,155633.2980,51054.2142,104579.0838,3.05x,83,182687.6040,0,2899.8999,2026-08-17,27054.3060,17.38%,52.99%,245.4939,17.7000,263.1939,26791.1121,52.48%
JSWENERGY,2026-04-17,JSWENERGY.NS,330,177952.5000,58375.8435,119576.6565,3.05x,330,186645.2427,0,466.8500,2026-10-08,8692.7427,4.88%,14.89%,2738.8448,17.7000,2756.5448,5936.1979,10.17%
OLECTRA,2026-04-17,OLECTRA.NS,115,140357.5000,46043.1152,94314.3848,3.05x,115,157550.0000,0,1446.6000,2026-06-18,17192.5000,12.25%,37.34%,749.5720,17.7000,767.2720,16425.2280,35.67%
WABAG,2026-04-17,WABAG.NS,107,154122.8026,50558.7087,103564.0939,3.05x,107,158147.2997,0,1766.5000,2026-06-17,4024.4971,2.61%,7.96%,823.0849,17.7000,840.7849,3183.7122,6.30%
TARIL,2026-04-22,TARIL.NS,375,113395.4975,49554.1612,63841.3362,2.29x,375,120059.7522,0,282.7500,2026-10-08,6664.2547,5.88%,13.45%,1392.3610,17.7000,1410.0610,5254.1937,10.60%
PGEL,2026-04-27,PGEL.NS,250,142199.9970,49059.0000,93140.9970,2.90x,250,143713.0941,0,510.6000,2026-10-08,1513.0971,1.06%,3.08%,3146.5228,17.7000,3164.2228,-1651.1257,-3.37%
GENUSPOWER,2026-04-28,GENUSPOWER.NS,450,140376.9453,49761.8326,90615.1127,2.82x,450,145953.4500,0,345.5500,2026-06-23,5576.5047,3.97%,11.21%,1714.5367,17.7000,1732.2367,3844.2680,7.73%
TRANSRAILL,2026-04-28,TRANSRAILL.NS,240,146804.7505,52040.4073,94764.3432,2.82x,240,139200.0000,0,472.1500,2026-10-08,-7604.7505,-5.18%,-14.61%,293.3453,17.7000,311.0453,-7915.7958,-15.21%
ANGELONE,2026-05-08,ANGELONE.NS,490,159568.4971,54721.7484,104846.7486,2.92x,0,0.0000,490,295.0000,2026-10-08,-15018.4971,-9.41%,-27.45%,6300.5049,17.7000,6318.2049,-21336.7019,-38.99%
HBLENGINE,2026-05-08,HBLENGINE.NS,155,131362.7499,45048.9883,86313.7616,2.92x,0,0.0000,155,725.1500,2026-10-08,-18964.4999,-14.44%,-42.10%,5186.8111,17.7000,5204.5111,-24169.0110,-53.65%
AEROFLEX,2026-05-22,AEROFLEX.NS,300,120794.9986,39359.4853,81435.5133,3.07x,300,129527.2496,0,529.0000,2026-10-08,8732.2509,7.23%,22.19%,2327.4288,17.7000,2345.1288,6387.1221,16.23%
CGPOWER,2026-05-22,CGPOWER.NS,220,190297.2447,62005.8917,128291.3530,3.07x,220,204673.2477,0,921.9500,2026-07-16,14376.0030,7.55%,23.18%,2742.8836,17.7000,2760.5836,11615.4194,18.73%
INOXINDIA,2026-05-26,INOXINDIA.NS,110,163650.5992,57639.6138,106010.9854,2.84x,110,185497.6019,0,2039.3000,2026-10-08,21847.0027,13.35%,37.90%,575.0895,17.7000,592.7895,21254.2132,36.87%
KIRLOSENG,2026-05-26,KIRLOSENG.NS,80,141358.7003,49788.1519,91570.5484,2.84x,80,157200.0000,0,2163.0000,2026-10-08,15841.2997,11.21%,31.82%,212.0308,17.7000,229.7308,15611.5688,31.36%
WALCHANNAG,2026-05-26,WALCHANNAG.NS,430,117309.7304,41317.8295,75991.9009,2.84x,0,0.0000,430,208.0100,2026-10-08,-27865.4304,-23.75%,-67.44%,4019.6865,17.7000,4037.3865,-31902.8169,-77.21%
ACMESOLAR,2026-06-03,ACMESOLAR.NS,450,147294.4018,51593.3435,95701.0583,2.85x,450,164052.9978,0,371.1000,2026-08-03,16758.5960,11.38%,32.48%,2288.1429,17.7000,2305.8429,14452.7531,28.01%
SYRMA,2026-06-03,SYRMA.NS,114,136098.1044,47671.5759,88426.5285,2.85x,114,158155.4990,0,1373.0000,2026-06-23,22057.3946,16.21%,46.27%,685.1160,17.7000,702.8160,21354.5786,44.80%
DATAPATTNS,2026-06-04,DATAPATTNS.NS,30,126365.7959,48638.1579,77727.6380,2.60x,30,138554.7998,0,4097.1001,2026-10-08,12189.0039,9.65%,25.06%,1493.6388,17.7000,1511.3388,10677.6651,21.95%
SANGHVIMOV,2026-06-09,SANGHVIMOV.NS,320,124328.2500,49371.2842,74956.9658,2.52x,320,134607.9981,0,389.2000,2026-10-08,10279.7481,8.27%,20.82%,175.0878,17.7000,192.7878,10086.9603,20.43%
HSCL,2026-06-16,HSCL.NS,220,152131.3997,49868.9352,102262.4645,3.05x,220,175975.4028,0,800.9000,2026-07-21,23844.0031,15.67%,47.81%,1392.3474,17.7000,1410.0474,22433.9558,44.99%
GNFC,2026-06-17,GNFC.NS,300,167204.9928,51331.9350,115873.0578,3.26x,300,176051.8950,0,599.2500,2026-10-08,8846.9022,5.29%,17.23%,3095.7506,17.7000,3113.4506,5733.4516,11.17%
KIRLOSENG,2026-06-18,KIRLOSENG.NS,73,145138.7967,51051.6834,94087.1133,2.84x,73,168068.4978,0,2163.0000,2026-10-08,22929.7011,15.80%,44.91%,547.7153,17.7000,565.4153,22364.2857,43.81%
TITAGARH,2026-06-18,TITAGARH.NS,150,142268.5016,50042.0746,92226.4269,2.84x,0,0.0000,150,778.0000,2026-10-08,-25568.5016,-17.97%,-51.09%,4049.9601,17.7000,4067.6601,-29636.1617,-59.22%
PGIL,2026-06-23,PGIL.NS,68,128764.7984,50656.0723,78108.7260,2.54x,68,132600.0000,0,2221.5000,2026-08-06,3835.2016,2.98%,7.57%,922.1932,17.7000,939.8932,2895.3084,5.72%
ZYDUSLIFE,2026-06-24,ZYDUSLIFE.NS,195,218478.0047,50249.9400,168228.0647,4.35x,195,233147.7508,0,1112.0000,2026-10-08,14669.7462,6.71%,29.19%,3178.8685,17.7000,3196.5685,11473.1777,22.83%
EIEL,2026-06-29,EIEL.NS,595,130370.4506,49997.0676,80373.3830,2.61x,0,0.0000,595,180.9600,2026-10-08,-22699.2506,-17.41%,-45.40%,3186.3128,17.7000,3204.0128,-25903.2634,-51.81%
SANGHVIMOV,2026-06-30,SANGHVIMOV.NS,285,125043.7500,49754.9081,75288.8419,2.51x,285,147039.7481,0,389.2000,2026-10-08,21995.9981,17.59%,44.21%,1248.0830,17.7000,1265.7830,20730.2151,41.66%
METROPOLIS,2026-07-06,METROPOLIS.NS,290,166834.2495,49633.1447,117201.1047,3.36x,0,0.0000,290,525.8500,2026-10-08,-14337.7495,-8.59%,-28.89%,4321.3672,17.7000,4339.0672,-18676.8167,-37.63%
ADANIENSOL,2026-07-09,ADANIENSOL.NS,100,165873.2983,57249.1043,108624.1940,2.90x,0,0.0000,100,1251.5000,2026-10-08,-40723.2983,-24.55%,-71.13%,3878.5557,17.7000,3896.2557,-44619.5541,-77.94%
ATHERENERG,2026-07-09,ATHERENERG.NS,120,146723.2965,50639.7196,96083.5769,2.90x,120,173022.2551,0,1450.4000,2026-08-04,26298.9586,17.92%,51.93%,991.4817,17.7000,1009.1817,25289.7769,49.94%
AZAD,2026-07-09,AZAD.NS,60,143460.1987,49513.5020,93946.6967,2.90x,60,162182.5010,0,2899.8999,2026-08-17,18722.3023,13.05%,37.81%,1331.4989,17.7000,1349.1989,17373.1034,35.09%
CEATLTD,2026-07-09,CEATLTD.NS,38,148953.0969,51409.3074,97543.7895,2.90x,0,0.0000,38,3226.2000,2026-10-08,-26357.4969,-17.70%,-51.27%,3482.9168,17.7000,3500.6168,-29858.1137,-58.08%
SPARC,2026-07-09,SPARC.NS,440,122386.9338,42240.3269,80146.6069,2.90x,0,0.0000,440,187.7400,2026-10-08,-39781.3338,-32.50%,-94.18%,2861.7297,17.7000,2879.4297,-42660.7635,-101.00%
SENORES,2026-07-14,SENORES.NS,99,143545.0998,49853.1959,93691.9040,2.88x,99,146223.7998,0,1474.6000,2026-08-27,2678.7000,1.87%,5.37%,1593.9125,17.7000,1611.6125,1067.0875,2.14%
AEGISVOPAK,2026-07-23,AEGISVOPAK.NS,477,141166.5516,48888.4228,92278.1289,2.89x,0,0.0000,477,285.2000,2026-10-08,-5126.1516,-3.63%,-10.49%,2784.9970,17.7000,2802.6970,-7928.8487,-16.22%
INOXINDIA,2026-07-23,INOXINDIA.NS,73,148037.0007,51267.7783,96769.2224,2.89x,73,159566.8994,0,2039.3000,2026-10-08,11529.8987,7.79%,22.49%,1799.6379,17.7000,1817.3379,9712.5608,18.94%
SENCO,2026-07-23,SENCO.NS,365,142350.0000,49298.2714,93051.7286,2.89x,365,149978.5527,0,337.1000,2026-10-08,7628.5527,5.36%,15.47%,145.1527,17.7000,162.8527,7465.7000,15.14%
INDGN,2026-08-04,INDGN.NS,298,168227.6984,49963.4071,118264.2913,3.37x,298,178196.6488,0,586.1500,2026-10-08,9968.9504,5.93%,19.95%,1253.8812,17.7000,1271.5812,8697.3693,17.41%
GULPOLY,2026-08-07,GULPOLY.NS,1940,420318.2449,152189.5111,268128.7337,2.76x,0,0.0000,1940,159.8400,2026-10-08,-110228.6449,-26.23%,-72.43%,6488.1867,26.4871,6514.6738,-116743.3186,-76.71%
KIRLOSENG,2026-08-07,KIRLOSENG.NS,62,136259.8003,49337.1693,86922.6310,2.76x,0,0.0000,62,2163.0000,2026-10-08,-2153.8003,-1.58%,-4.37%,2103.3563,17.7000,2121.0563,-4274.8566,-8.66%
GULPOLY,2026-08-10,GULPOLY.NS,700,140932.1812,50706.9738,90225.2074,2.78x,0,0.0000,700,159.8400,2026-10-08,-29044.1812,-20.61%,-57.28%,2081.6623,8.9129,2090.5752,-31134.7565,-61.40%
ENTERO,2026-08-12,ENTERO.NS,105,149087.6018,17802.5127,131285.0891,8.37x,105,176326.7051,0,1849.7000,2026-09-23,27239.1033,18.27%,153.01%,715.1460,17.7000,732.8460,26506.2573,148.89%
KRN,2026-08-12,KRN.NS,200,267424.1000,31933.0439,235491.0560,8.37x,200,294459.1953,0,1414.5000,2026-10-08,27035.0954,10.11%,84.66%,773.6579,0.0000,773.6579,26261.4375,82.24%
TBOTEK,2026-08-18,TBOTEK.NS,88,149686.7003,49770.9674,99915.7329,3.01x,0,0.0000,88,1666.5000,2026-10-08,-3034.7003,-2.03%,-6.10%,2005.4152,17.7000,2023.1152,-5057.8155,-10.16%
GROWW,2026-08-25,GROWW.NS,745,151212.6507,51021.3792,100191.2715,2.96x,0,0.0000,745,192.6000,2026-10-08,-7725.6507,-5.11%,-15.14%,1758.2734,17.7000,1775.9734,-9501.6241,-18.62%
WELCORP,2026-08-25,WELCORP.NS,61,145356.8940,49045.5605,96311.3335,2.96x,61,168360.0000,0,2819.0000,2026-09-23,23003.1060,15.83%,46.90%,614.8926,17.7000,632.5926,22370.5134,45.61%
DATAPATTNS,2026-08-26,DATAPATTNS.NS,27,127817.7988,49721.0970,78096.7019,2.57x,0,0.0000,27,4097.1001,2026-10-08,-17196.0961,-13.45%,-34.59%,1341.0655,17.7000,1358.7655,-18554.8616,-37.32%
LODHA,2026-08-28,LODHA.NS,137,172346.0000,49463.3020,122882.6980,3.48x,0,0.0000,137,1065.6000,2026-10-08,-26358.8000,-15.29%,-53.29%,2009.8231,17.7000,2027.5231,-28386.3231,-57.39%
RACLGEAR,2026-09-01,RACLGEAR.NS,63,99471.3011,49735.6650,49735.6361,2.00x,63,110336.0005,0,1682.9000,2026-09-23,10864.6993,10.92%,21.84%,199.7959,17.7000,217.4959,10647.2034,21.41%
SPLPETRO,2026-09-10,SPLPETRO.NS,185,151670.1993,50339.4058,101330.7935,3.01x,185,146973.2522,0,783.6500,2026-10-08,-4696.9471,-3.10%,-9.33%,821.7655,17.7000,839.4655,-5536.4126,-11.00%
KRN,2026-09-11,KRN.NS,65,103316.2006,51658.1000,51658.1006,2.00x,0,0.0000,65,1414.5000,2026-10-08,-11373.7006,-11.01%,-22.02%,556.2396,17.7000,573.9396,-11947.6401,-23.13%
AEROFLEX,2026-09-18,AEROFLEX.NS,235,119539.7010,38281.9414,81257.7596,3.12x,0,0.0000,235,529.0000,2026-10-08,4775.2990,3.99%,12.47%,648.4491,17.7000,666.1491,4109.1499,10.73%
INOXINDIA,2026-09-18,INOXINDIA.NS,70,146651.6016,46964.3806,99687.2209,3.12x,0,0.0000,70,2039.3000,2026-10-08,-3900.6016,-2.66%,-8.31%,795.5190,17.7000,813.2190,-4713.8205,-10.04%
KAYNES,2026-09-18,KAYNES.NS,43,150813.5005,48297.2062,102516.2943,3.12x,0,0.0000,43,3233.0000,2026-10-08,-11794.5005,-7.82%,-24.42%,818.0954,17.7000,835.7954,-12630.2959,-26.15%
KRN,2026-09-18,KRN.NS,40,57927.9980,18551.1274,39376.8706,3.12x,0,0.0000,40,1414.5000,2026-10-08,-1347.9980,-2.33%,-7.27%,314.2333,0.0000,314.2333,-1662.2314,-8.96%
AEGISLOG,2026-10-01,AEGISLOG,96,133042.6998,50729.1281,82313.5717,2.62x,0,0.0000,96,,,0.0000,0.00%,0.00%,251.4688,17.7000,269.1688,-269.1688,-0.53%
SPLPETRO,2026-10-06,SPLPETRO.NS,80,64752.6995,21595.0588,43157.6407,3.00x,0,0.0000,80,783.6500,2026-10-08,-2060.6995,-3.18%,-9.54%,49.2142,17.7000,66.9142,-2127.6137,-9.85%
