Stock Code/Name,Trade Date,Matched Report Symbol,Buy Quantity,Buy Value,Sell Quantity,Sell Value,Net Quantity,Average Buy Price,Average Sell Price,Open Average Cost,Latest Market Price,Latest Market Date,Realized P&L,"Charges, Taxes, Others",Net Realized P&L,Unrealized P&L,Total P&L,Return %
OLECTRA,2026-04-16,OLECTRA.NS,41,50286.5000,41,57011.7997,0,1226.5000,1390.5317,0.0000,1446.6000,2026-06-18,6725.2997,101.9764,6623.3232,0.0000,6623.3232,13.17%
OLECTRA,2026-04-17,OLECTRA.NS,115,140357.5000,115,157550.0000,0,1220.5000,1370.0000,0.0000,1446.6000,2026-06-18,17192.5000,474.9743,16717.5257,0.0000,16717.5257,11.91%
WABAG,2026-04-15,WABAG.NS,36,49451.6998,36,53213.8995,0,1373.6583,1478.1639,0.0000,1766.5000,2026-06-17,3762.1997,150.7952,3611.4045,0.0000,3611.4045,7.30%
WABAG,2026-04-17,WABAG.NS,107,154122.8026,107,158147.2997,0,1440.4000,1478.0121,0.0000,1766.5000,2026-06-17,4024.4971,476.7750,3547.7221,0.0000,3547.7221,2.30%
JSWENERGY,2026-04-17,JSWENERGY.NS,330,177952.5000,330,186645.2427,0,539.2500,565.5916,0.0000,462.3000,2026-10-09,8692.7427,562.6893,8130.0534,0.0000,8130.0534,4.57%
TARIL,2026-04-02,TARIL.NS,184,49578.8022,184,58509.3000,0,269.4500,317.9853,0.0000,290.6500,2026-10-09,8930.4978,163.5150,8766.9828,0.0000,8766.9828,17.68%
TARIL,2026-04-22,TARIL.NS,375,113395.4975,375,120059.7522,0,302.3880,320.1593,0.0000,290.6500,2026-10-09,6664.2547,372.5897,6291.6650,0.0000,6291.6650,5.55%
PGEL,2026-04-27,PGEL.NS,250,142199.9970,250,143713.0941,0,568.8000,574.8524,0.0000,511.8000,2026-10-09,1513.0971,448.9782,1064.1189,0.0000,1064.1189,0.75%
GENUSPOWER,2026-04-28,GENUSPOWER.NS,450,140376.9453,450,145953.4500,0,311.9488,324.3410,0.0000,345.5500,2026-06-23,5576.5047,459.6345,5116.8702,0.0000,5116.8702,3.65%
TRANSRAILL,2026-04-28,TRANSRAILL.NS,240,146804.7505,240,139200.0000,0,611.6865,580.0000,0.0000,464.6500,2026-10-09,-7604.7505,438.3666,-8043.1171,0.0000,-8043.1171,-5.48%
ANGELONE,2026-05-08,ANGELONE.NS,490,159568.4971,0,0.0000,490,325.6500,0.0000,325.6500,292.0000,2026-10-09,0.0000,0.0000,0.0000,-16488.4971,-16488.4971,-10.33%
HBLENGINE,2026-05-08,HBLENGINE.NS,155,131362.7499,0,0.0000,155,847.5016,0.0000,847.5016,719.0500,2026-10-09,0.0000,0.0000,0.0000,-19909.9999,-19909.9999,-15.16%
AVALON,2026-05-20,AVALON.NS,40,54645.4009,40,64406.3010,0,1366.1350,1610.1575,0.0000,1760.0000,2026-06-15,9760.9001,180.2529,9580.6472,0.0000,9580.6472,17.53%
AVALON,2026-06-04,AVALON.NS,40,64556.0010,40,69214.5985,0,1613.9000,1730.3650,0.0000,1760.0000,2026-06-15,4658.5976,365.6135,4292.9841,0.0000,4292.9841,6.65%
CGPOWER,2026-05-22,CGPOWER.NS,220,190297.2447,220,204673.2477,0,864.9875,930.3329,0.0000,921.9500,2026-07-16,14376.0030,621.3809,13754.6221,0.0000,13754.6221,7.23%
WALCHANNAG,2026-05-26,WALCHANNAG.NS,430,117309.7304,0,0.0000,430,272.8133,0.0000,272.8133,207.3000,2026-10-09,0.0000,0.0000,0.0000,-28170.7304,-28170.7304,-24.01%
ACMESOLAR,2026-06-03,ACMESOLAR.NS,450,147294.4018,450,164052.9978,0,327.3209,364.5622,0.0000,371.1000,2026-08-03,16758.5960,488.8524,16269.7436,0.0000,16269.7436,11.05%
SYRMA,2026-06-03,SYRMA.NS,114,136098.1044,114,158155.4990,0,1193.8430,1387.3289,0.0000,1373.0000,2026-06-23,22057.3946,471.2788,21586.1159,0.0000,21586.1159,15.86%
DATAPATTNS,2026-06-04,DATAPATTNS.NS,30,126365.7959,30,138554.7998,0,4212.1932,4618.4933,0.0000,4084.8000,2026-10-09,12189.0039,247.8316,11941.1723,0.0000,11941.1723,9.45%
DATAPATTNS,2026-08-26,DATAPATTNS.NS,27,127817.7988,0,0.0000,27,4733.9925,0.0000,4733.9925,4084.8000,2026-10-09,0.0000,0.0000,0.0000,-17528.1988,-17528.1988,-13.71%
HSCL,2026-06-16,HSCL.NS,220,152131.3997,220,175975.4028,0,691.5064,799.8882,0.0000,800.9000,2026-07-21,23844.0031,314.7655,23529.2377,0.0000,23529.2377,15.47%
GNFC,2026-06-17,GNFC.NS,300,167204.9928,300,176051.8950,0,557.3500,586.8396,0.0000,592.7000,2026-10-09,8846.9022,314.9023,8531.9999,0.0000,8531.9999,5.10%
TITAGARH,2026-06-18,TITAGARH.NS,150,142268.5016,0,0.0000,150,948.4567,0.0000,948.4567,777.2000,2026-10-09,0.0000,0.0000,0.0000,-25688.5016,-25688.5016,-18.06%
PGIL,2026-06-23,PGIL.NS,68,128764.7984,68,132600.0000,0,1893.6000,1950.0000,0.0000,2221.5000,2026-08-06,3835.2016,237.1803,3598.0213,0.0000,3598.0213,2.79%
ZYDUSLIFE,2026-06-24,ZYDUSLIFE.NS,195,218478.0047,195,233147.7508,0,1120.4000,1195.6295,0.0000,1117.5000,2026-10-09,14669.7462,699.8091,13969.9371,0.0000,13969.9371,6.39%
EIEL,2026-06-29,EIEL.NS,595,130370.4506,0,0.0000,595,219.1100,0.0000,219.1100,179.9600,2026-10-09,0.0000,0.0000,0.0000,-23294.2506,-23294.2506,-17.87%
METROPOLIS,2026-07-06,METROPOLIS.NS,290,166834.2495,0,0.0000,290,575.2905,0.0000,575.2905,529.2500,2026-10-09,0.0000,0.0000,0.0000,-13351.7495,-13351.7495,-8.00%
ADANIENSOL,2026-07-09,ADANIENSOL.NS,100,165873.2983,0,0.0000,100,1658.7330,0.0000,1658.7330,1262.0000,2026-10-09,0.0000,0.0000,0.0000,-39673.2983,-39673.2983,-23.92%
AZAD,2026-04-15,AZAD.NS,27,49577.3987,27,59429.7026,0,1836.2000,2201.1001,0.0000,2899.8999,2026-08-17,9852.3040,168.4093,9683.8947,0.0000,9683.8947,19.53%
AZAD,2026-04-17,AZAD.NS,83,155633.2980,83,182687.6040,0,1875.1000,2201.0555,0.0000,2899.8999,2026-08-17,27054.3060,550.7580,26503.5480,0.0000,26503.5480,17.03%
AZAD,2026-07-09,AZAD.NS,60,143460.1987,60,162182.5010,0,2391.0033,2703.0417,0.0000,2899.8999,2026-08-17,18722.3023,290.0942,18432.2080,0.0000,18432.2080,12.85%
ATHERENERG,2026-07-09,ATHERENERG.NS,120,146723.2965,120,173022.2551,0,1222.6941,1441.8521,0.0000,1450.4000,2026-08-04,26298.9586,309.4832,25989.4754,0.0000,25989.4754,17.71%
CEATLTD,2026-07-09,CEATLTD.NS,38,148953.0969,0,0.0000,38,3919.8183,0.0000,3919.8183,3262.3000,2026-10-09,0.0000,0.0000,0.0000,-24985.6969,-24985.6969,-16.77%
SPARC,2026-07-09,SPARC.NS,440,122386.9338,440,81623.8902,0,278.1521,185.5088,0.0000,185.6000,2026-10-09,-40763.0436,145.9998,-40909.0434,0.0000,-40909.0434,-33.43%
SENORES,2026-07-14,SENORES.NS,99,143545.0998,99,146223.7998,0,1449.9505,1477.0081,0.0000,1474.6000,2026-08-27,2678.7000,456.5191,2222.1809,0.0000,2222.1809,1.55%
AEGISVOPAK,2026-07-23,AEGISVOPAK.NS,477,141166.5516,0,0.0000,477,295.9466,0.0000,295.9466,284.8000,2026-10-09,0.0000,0.0000,0.0000,-5316.9516,-5316.9516,-3.77%
SENCO,2026-07-23,SENCO.NS,365,142350.0000,365,149978.5527,0,390.0000,410.9001,0.0000,334.7500,2026-10-09,7628.5527,268.2652,7360.2876,0.0000,7360.2876,5.17%
INDGN,2026-08-04,INDGN.NS,298,168227.6984,298,178196.6488,0,564.5225,597.9753,0.0000,580.1000,2026-10-09,9968.9504,318.7386,9650.2118,0.0000,9650.2118,5.74%
GULPOLY,2026-08-07,GULPOLY.NS,1940,420318.2449,3,477.1500,1937,216.6589,159.0500,216.6589,160.2100,2026-10-09,-172.8267,803.2835,-976.1101,-109341.4982,-110317.6083,-26.25%
GULPOLY,2026-08-10,GULPOLY.NS,700,140932.1812,0,0.0000,700,201.3317,0.0000,201.3317,160.2100,2026-10-09,0.0000,0.0000,0.0000,-28785.1812,-28785.1812,-20.42%
KIRLOSENG,2026-05-26,KIRLOSENG.NS,80,141358.7003,80,157200.0000,0,1766.9838,1965.0000,0.0000,2210.3999,2026-10-09,15841.2997,543.3827,15297.9170,0.0000,15297.9170,10.82%
KIRLOSENG,2026-06-18,KIRLOSENG.NS,73,145138.7967,73,168068.4978,0,1988.2027,2302.3082,0.0000,2210.3999,2026-10-09,22929.7011,688.5725,22241.1286,0.0000,22241.1286,15.32%
KIRLOSENG,2026-08-07,KIRLOSENG.NS,62,136259.8003,0,0.0000,62,2197.7387,0.0000,2197.7387,2210.3999,2026-10-09,0.0000,0.0000,0.0000,784.9935,784.9935,0.58%
ENTERO,2026-08-12,ENTERO.NS,105,149087.6018,105,176326.7051,0,1419.8819,1679.3020,0.0000,1849.7000,2026-09-23,27239.1033,315.3938,26923.7095,0.0000,26923.7095,18.06%
TBOTEK,2026-08-18,TBOTEK.NS,88,149686.7003,0,0.0000,88,1700.9852,0.0000,1700.9852,1666.4000,2026-10-09,0.0000,0.0000,0.0000,-3043.5003,-3043.5003,-2.03%
SANGHVIMOV,2026-06-09,SANGHVIMOV.NS,320,124328.2500,320,134607.9981,0,388.5258,420.6500,0.0000,392.6000,2026-10-09,10279.7481,240.7720,10038.9761,0.0000,10038.9761,8.07%
SANGHVIMOV,2026-06-30,SANGHVIMOV.NS,285,125043.7500,285,147039.7481,0,438.7500,515.9289,0.0000,392.6000,2026-10-09,21995.9981,435.2885,21560.7096,0.0000,21560.7096,17.24%
GROWW,2026-08-25,GROWW.NS,745,151212.6507,0,0.0000,745,202.9700,0.0000,202.9700,192.3900,2026-10-09,0.0000,0.0000,0.0000,-7882.1007,-7882.1007,-5.21%
WELCORP,2026-08-25,WELCORP.NS,61,145356.8940,61,168360.0000,0,2382.8999,2760.0000,0.0000,2819.0000,2026-09-23,23003.1060,301.1439,22701.9621,0.0000,22701.9621,15.62%
LODHA,2026-08-28,LODHA.NS,137,172346.0000,0,0.0000,137,1258.0000,0.0000,1258.0000,1064.8000,2026-10-09,0.0000,0.0000,0.0000,-26468.4000,-26468.4000,-15.36%
RACLGEAR,2026-09-01,RACLGEAR.NS,63,99471.3011,63,110336.0005,0,1578.9095,1751.3651,0.0000,1682.9000,2026-09-23,10864.6993,197.3569,10667.3424,0.0000,10667.3424,10.72%
SPLPETRO,2026-09-10,SPLPETRO.NS,185,151670.1993,185,146973.2522,0,819.8389,794.4500,0.0000,788.5500,2026-10-09,-4696.9471,262.8896,-4959.8367,0.0000,-4959.8367,-3.27%
SPLPETRO,2026-10-06,SPLPETRO.NS,80,64752.6995,0,0.0000,80,809.4087,0.0000,809.4087,788.5500,2026-10-09,0.0000,0.0000,0.0000,-1668.6995,-1668.6995,-2.58%
KRN,2026-06-15,KRN.NS,40,50132.0020,40,53400.0000,0,1253.3000,1335.0000,0.0000,1386.1000,2026-10-09,3267.9980,95.5161,3172.4820,0.0000,3172.4820,6.33%
KRN,2026-08-12,KRN.NS,200,267424.1000,200,294459.1953,0,1337.1205,1472.2960,0.0000,1386.1000,2026-10-09,27035.0954,980.0763,26055.0191,0.0000,26055.0191,9.74%
KRN,2026-09-11,KRN.NS,65,103316.2006,0,0.0000,65,1589.4800,0.0000,1589.4800,1386.1000,2026-10-09,0.0000,0.0000,0.0000,-13219.7006,-13219.7006,-12.80%
KRN,2026-09-18,KRN.NS,40,57927.9980,0,0.0000,40,1448.2000,0.0000,1448.2000,1386.1000,2026-10-09,0.0000,0.0000,0.0000,-2483.9980,-2483.9980,-4.29%
AEROFLEX,2026-05-22,AEROFLEX.NS,300,120794.9986,300,129527.2496,0,402.6500,431.7575,0.0000,520.5000,2026-10-09,8732.2509,393.2402,8339.0107,0.0000,8339.0107,6.90%
AEROFLEX,2026-09-18,AEROFLEX.NS,235,119539.7010,0,0.0000,235,508.6796,0.0000,508.6796,520.5000,2026-10-09,0.0000,0.0000,0.0000,2777.7990,2777.7990,2.32%
DHOOTTRANS,2026-09-18,DHOOTTRANS.NS,32,50809.6016,0,0.0000,32,1587.8000,0.0000,1587.8000,1447.3000,2026-10-09,0.0000,0.0000,0.0000,-4496.0016,-4496.0016,-8.85%
INOXINDIA,2026-05-26,INOXINDIA.NS,110,163650.5992,110,185497.6019,0,1487.7327,1686.3418,0.0000,2056.8999,2026-10-09,21847.0027,641.1971,21205.8056,0.0000,21205.8056,12.96%
INOXINDIA,2026-07-23,INOXINDIA.NS,73,148037.0007,73,159566.8994,0,2027.9041,2185.8479,0.0000,2056.8999,2026-10-09,11529.8987,285.4157,11244.4830,0.0000,11244.4830,7.60%
INOXINDIA,2026-09-18,INOXINDIA.NS,70,146651.6016,0,0.0000,70,2095.0229,0.0000,2095.0229,2056.8999,2026-10-09,0.0000,0.0000,0.0000,-2668.6086,-2668.6086,-1.82%
KAYNES,2026-09-18,KAYNES.NS,43,150813.5005,0,0.0000,43,3507.2907,0.0000,3507.2907,3264.0000,2026-10-09,0.0000,0.0000,0.0000,-10461.5005,-10461.5005,-6.94%
AEGISLOG,2026-10-01,AEGISLOG,96,133042.6998,0,0.0000,96,1385.8615,0.0000,1385.8615,,,0.0000,0.0000,0.0000,0.0000,0.0000,0.00%
AETHER,2026-07-09,AETHER,100,149969.9951,100,148642.6995,0,1499.7000,1486.4270,0.0000,,,-1327.2956,1354.3357,-2681.6314,0.0000,-2681.6314,-1.79%
LALITHAA,2026-08-24,LALITHAA,378,101753.5772,378,115970.3955,0,269.1894,306.8000,0.0000,,,14216.8182,328.2451,13888.5731,0.0000,13888.5731,13.65%
WELSPUNLIV,2026-08-25,WELSPUNLIV,725,137953.2908,725,137831.0606,0,190.2804,190.1118,0.0000,,,-122.2302,488.0014,-610.2315,0.0000,-610.2315,-0.44%
